{"cameraMode":{"drawMode":0,"name":"Shaded","section":"Shading Mode"},"sceneLighting":true,"audioPlay":false,"sceneViewState":{"m_AlwaysRefresh":false,"showFog":true,"showSkybox":true,"showFlares":true,"showImageEffects":true,"showParticleSystems":true,"showVisualEffectGraphs":true,"m_FxEnabled":true},"in2DMode":false,"pivot":{"x":1.30815851688385,"y":2.3479461669921877,"z":2.230037212371826},"rotation":{"x":0.004462055861949921,"y":0.9827479124069214,"z":-0.023579437285661699,"w":0.18368665874004365},"size":2.4152143001556398,"orthographic":false}