{"cameraMode":{"drawMode":0,"name":"Shaded","section":"Shading Mode"},"sceneLighting":true,"audioPlay":false,"sceneViewState":{"m_AlwaysRefresh":false,"showFog":true,"showSkybox":true,"showFlares":true,"showImageEffects":true,"showParticleSystems":true,"showVisualEffectGraphs":true,"m_FxEnabled":true},"in2DMode":false,"pivot":{"x":43.32426452636719,"y":8.974555015563965,"z":35.593170166015628},"rotation":{"x":-0.022798245772719384,"y":0.34288913011550906,"z":-0.008418667130172253,"w":-0.9391051530838013},"size":14.492411613464356,"orthographic":false}